"CU","mean_exploit_rate"
"Bute Inlet",0.223551869651314
"Georgia Strait",0.378651861665577
"Howe Sound to Burrard Inlet",0.322233274787846
"Loughborough",0.17828703553152
"North East Vancouver Island",0.0496975382803056
"Southern Coastal Streams",0.0424180020943457
"Upper Knight",0.0676331263886867
