"","iCombn","nCUs","retroYear","LRP","LRP_lwr","LRP_upr","BMmodel","LRPmodel","useGenMean","integratedModel","Agg_Escp","Gen_Mean","status","se","cv"
"1",1,5,2015,17787.4543555303,14428.8082312769,21146.1004797838,"SR_HierRicker_SurvCap","BinLogistic",FALSE,TRUE,12458,24025.5430757446,1.35070160100087,1713.5949613538,0.0963372794725418
"2",1,5,2016,17787.5505796205,14430.9620851656,21144.1390740753,"SR_HierRicker_SurvCap","BinLogistic",FALSE,TRUE,60224,24285.177614173,1.36529071304494,1712.54515023208,0.0962777388919516
"3",1,5,2017,17882.2936387532,14552.6642168911,21211.9230606153,"SR_HierRicker_SurvCap","BinLogistic",FALSE,TRUE,24750,26480.7964121266,1.48083892072655,1698.79052135823,0.0949984691939479
"4",1,5,2018,17850.1822975847,14605.0999872867,21095.2646078828,"SR_HierRicker_SurvCap","BinLogistic",FALSE,TRUE,34182,37072.1201089501,2.07684826355898,1655.65423994798,0.0927527916716012
