"","iCombn","nCUs","retroYear","LRP","LRP_lwr","LRP_upr","BMmodel","LRPmodel","useGenMean","integratedModel","Agg_Escp","Gen_Mean","status","se","cv"
"1",1,5,2015,23829.7009727983,19415.4015992094,28244.0003463872,"SR_IndivRicker_SurvCap","BinLogistic",FALSE,TRUE,12458,24025.5430757446,1.00821840371266,2252.1935579535,0.0945120360731505
"2",1,5,2016,23822.5342472227,19423.8652292683,28221.2032651772,"SR_IndivRicker_SurvCap","BinLogistic",FALSE,TRUE,60224,24285.177614173,1.01942040935482,2244.21888671145,0.0942057156229331
"3",1,5,2017,23928.204113964,19753.4392308589,28102.9689970691,"SR_IndivRicker_SurvCap","BinLogistic",FALSE,TRUE,24750,26480.7964121266,1.10667713657094,2129.9820832169,0.0890155430416898
"4",1,5,2018,23672.386816527,19788.6041554824,27556.1694775716,"SR_IndivRicker_SurvCap","BinLogistic",FALSE,TRUE,34182,37072.1201089501,1.56604910169295,1981.52176583907,0.0837060403412999
