"","iCombn","nCUs","retroYear","LRP","LRP_lwr","LRP_upr","BMmodel","LRPmodel","useGenMean","integratedModel","Agg_Escp","Gen_Mean","status","se","cv"
"1",1,5,2015,11521.0041520661,8978.59846398654,14063.4098401456,"SR_HierRicker_Surv","BinLogistic",FALSE,TRUE,12458,24025.5430757446,2.08536884099951,1297.14575922425,0.112589644279543
"2",1,5,2016,11520.9982314327,8978.56438505445,14063.4320778109,"SR_HierRicker_Surv","BinLogistic",FALSE,TRUE,60224,24285.177614173,2.10790568024877,1297.16012570317,0.112590949121417
"3",1,5,2017,11524.1229005028,9000.89725617196,14047.3485448336,"SR_HierRicker_Surv","BinLogistic",FALSE,TRUE,24750,26480.7964121266,2.29785786222146,1287.36002261775,0.111710021988883
"4",1,5,2018,11524.2783516913,9001.68551383567,14046.8711895469,"SR_HierRicker_Surv","BinLogistic",FALSE,TRUE,34182,37072.1201089501,3.21687128491733,1287.03716217124,0.111680499454645
