"","iCombn","nCUs","retroYear","LRP","LRP_lwr","LRP_upr","BMmodel","LRPmodel","useGenMean","integratedModel","Agg_Escp","Gen_Mean","status","se","cv"
"1",1,5,2015,27811.8809569911,17238.8311496851,38384.9307642971,"ThreshAbund_Subpop1000_ST","BinLogistic",FALSE,FALSE,11332.273039931,22153.2758587787,0.796540007237804,5394.41316699285,0.193960745601309
"2",1,5,2016,32063.3590093985,19254.0249013407,44872.6931174564,"ThreshAbund_Subpop1000_ST","BinLogistic",FALSE,FALSE,58149.104784075,22444.7626572815,0.700012829307822,6535.37454492749,0.203826883609163
"3",1,5,2017,34724.8335624423,20029.3811463662,49420.2859785184,"ThreshAbund_Subpop1000_ST","BinLogistic",FALSE,FALSE,23808.127100194,25033.8953133996,0.720921966937109,7497.67980412045,0.21591693998009
"4",1,5,2018,34279.3920401222,20714.5562766408,47844.2278036035,"ThreshAbund_Subpop1000_ST","BinLogistic",FALSE,FALSE,31735.278822225,35286.0892224694,1.02936741646903,6920.83457320477,0.201894904235883
