"","iCombn","nCUs","retroYear","LRP","LRP_lwr","LRP_upr","BMmodel","LRPmodel","useGenMean","integratedModel","Agg_Escp","Gen_Mean","status","se","cv"
"1",1,5,2015,12345.6909219534,8425.24033295334,16266.1415109535,"SR_IndivRicker_Surv","BinLogistic",FALSE,TRUE,12458,24025.5430757446,1.94606711180674,2000.22989234698,0.16201846498442
"2",1,5,2016,13226.661141336,9892.12058682748,16561.2016958445,"SR_IndivRicker_Surv","BinLogistic",FALSE,TRUE,60224,24285.177614173,1.8360777035617,1701.29620127985,0.128626278627715
"3",1,5,2017,13217.244870181,9985.68140625633,16448.8083341056,"SR_IndivRicker_Surv","BinLogistic",FALSE,TRUE,24750,26480.7964121266,2.00350350411296,1648.7568693493,0.124742855681596
"4",1,5,2018,13222.3794726502,10008.1914334426,16436.5675118577,"SR_IndivRicker_Surv","BinLogistic",FALSE,TRUE,34182,37072.1201089501,2.80374044517721,1639.89185673857,0.124023959540006
