"","iCombn","nCUs","retroYear","LRP","LRP_lwr","LRP_upr","BMmodel","LRPmodel","useGenMean","integratedModel","Agg_Escp","Gen_Mean","status","se","cv"
"1",1,5,2015,29613.701461705,19412.3125601007,39815.0903633094,"SR_IndivRicker_Surv","BinLogistic",FALSE,TRUE,12458,24025.5430757446,0.811298212984732,5204.7902559206,0.175756153368777
"2",1,5,2016,29116.3163785909,19944.975423724,38287.6573334578,"SR_IndivRicker_Surv","BinLogistic",FALSE,TRUE,60224,24285.177614173,0.834074520224329,4679.2555892178,0.160709051528868
"3",1,5,2017,28541.3654922492,20141.9717224302,36940.7592620682,"SR_IndivRicker_Surv","BinLogistic",FALSE,TRUE,24750,26480.7964121266,0.927804117126695,4285.40498460152,0.150147160470135
"4",1,5,2018,28468.7131569104,20221.917527228,36715.5087865929,"SR_IndivRicker_Surv","BinLogistic",FALSE,TRUE,34182,37072.1201089501,1.30220568469746,4207.54879065431,0.147795538472837
