"","iCombn","nCUs","retroYear","LRP","LRP_lwr","LRP_upr","BMmodel","LRPmodel","useGenMean","integratedModel","Agg_Escp","Gen_Mean","status","se","cv"
"1",1,5,2015,41993.9206772999,28335.7745293785,55652.0668252214,"SR_IndivRicker_SurvCap","BinLogistic",FALSE,TRUE,12458,24025.5430757446,0.572119551788642,6968.44191220483,0.165939302637481
"2",1,5,2016,41963.9609222378,28387.9423503692,55539.9794941064,"SR_IndivRicker_SurvCap","BinLogistic",FALSE,TRUE,60224,24285.177614173,0.57871509458259,6926.54008768804,0.165059254070973
"3",1,5,2017,42241.6323468492,29106.1107172457,55377.1539764527,"SR_IndivRicker_SurvCap","BinLogistic",FALSE,TRUE,24750,26480.7964121266,0.626888568005393,6701.7967497977,0.158653829822881
"4",1,5,2018,41308.2846776264,29403.1882017335,53213.3811535193,"SR_IndivRicker_SurvCap","BinLogistic",FALSE,TRUE,34182,37072.1201089501,0.897450000605553,6074.02881423106,0.147041419454556
