"","iCombn","nCUs","retroYear","LRP","LRP_lwr","LRP_upr","BMmodel","LRPmodel","useGenMean","integratedModel","Agg_Escp","Gen_Mean","status","se","cv"
"1",1,5,2015,23005.1531866118,18869.5187170238,27140.7876561999,"SR_HierRicker_SurvCap","BinLogistic",FALSE,TRUE,12458,24025.5430757446,1.04435484001587,2110.0175865245,0.0917193452009895
"2",1,5,2016,23001.2903044643,18874.4368151839,27128.1437937447,"SR_HierRicker_SurvCap","BinLogistic",FALSE,TRUE,60224,24285.177614173,1.05581805597487,2105.53749453082,0.091539973047606
"3",1,5,2017,23201.1636616438,19248.2146966333,27154.1126266543,"SR_HierRicker_SurvCap","BinLogistic",FALSE,TRUE,24750,26480.7964121266,1.14135639049453,2016.81069643392,0.086927135459508
"4",1,5,2018,22999.2304501011,19281.7262920932,26716.7346081091,"SR_HierRicker_SurvCap","BinLogistic",FALSE,TRUE,34182,37072.1201089501,1.6118852406554,1896.68579490202,0.0824673590282531
