"","iCombn","nCUs","retroYear","LRP","LRP_lwr","LRP_upr","BMmodel","LRPmodel","useGenMean","integratedModel","Agg_Escp","Gen_Mean","status","se","cv"
"1",1,5,2015,21043.653817674,14098.9944450755,27988.3131902726,"SR_HierRicker_Surv","BinLogistic",FALSE,TRUE,12458,24025.5430757446,1.14170016689622,3543.19355744826,0.168373495788665
"2",1,5,2016,21043.7618776071,14099.0554834396,27988.4682717745,"SR_HierRicker_Surv","BinLogistic",FALSE,TRUE,60224,24285.177614173,1.15403214289433,3543.21754804461,0.168373771222673
"3",1,5,2017,20971.0104234732,14208.8941702755,27733.1266766708,"SR_HierRicker_Surv","BinLogistic",FALSE,TRUE,24750,26480.7964121266,1.26273345334311,3450.05931285593,0.16451564532123
"4",1,5,2018,20969.1632730765,14214.3611499622,27723.9653961909,"SR_HierRicker_Surv","BinLogistic",FALSE,TRUE,34182,37072.1201089501,1.76793511625469,3446.32761383386,0.164352176047901
