"","iCombn","nCUs","retroYear","LRP","LRP_lwr","LRP_upr","BMmodel","LRPmodel","useGenMean","integratedModel","Agg_Escp","Gen_Mean","status","se","cv"
"1",1,5,2015,16388.2602794731,12987.6626724333,19788.857886513,"SR_IndivRicker_Surv","BinLogistic",FALSE,TRUE,12458,24025.5430757446,1.46602157068725,1734.99877910196,0.105868392954138
"2",1,5,2016,16946.547298216,13769.8479374554,20123.2466589765,"SR_IndivRicker_Surv","BinLogistic",FALSE,TRUE,60224,24285.177614173,1.43304575184643,1620.76497997987,0.0956398345609019
"3",1,5,2017,16804.7351786389,13773.5777687849,19835.8925884929,"SR_IndivRicker_Surv","BinLogistic",FALSE,TRUE,24750,26480.7964121266,1.57579373495794,1546.50888257857,0.0920281614758436
"4",1,5,2018,16791.6592819615,13779.4062009099,19803.9123630131,"SR_IndivRicker_Surv","BinLogistic",FALSE,TRUE,34182,37072.1201089501,2.20776991043255,1536.86381686306,0.0915254288487168
