"","iCombn","nCUs","retroYear","LRP","LRP_lwr","LRP_upr","BMmodel","LRPmodel","useGenMean","integratedModel","Agg_Escp","Gen_Mean","status","se","cv"
"1",1,5,2015,18277.5143221688,14803.6363050702,21751.3923392674,"SR_IndivRicker_SurvCap","BinLogistic",FALSE,TRUE,12458,24025.5430757446,1.31448634930649,1772.38674341765,0.0969708852186717
"2",1,5,2016,18277.3146535932,14806.9545595882,21747.6747475983,"SR_IndivRicker_SurvCap","BinLogistic",FALSE,TRUE,60224,24285.177614173,1.32870599836167,1770.59188469647,0.0968737431211417
"3",1,5,2017,18330.4094706473,14923.1240412071,21737.6949000875,"SR_IndivRicker_SurvCap","BinLogistic",FALSE,TRUE,24750,26480.7964121266,1.4446374727488,1738.41093338785,0.0948375395635102
"4",1,5,2018,18281.6902565204,14976.9635856605,21586.4169273802,"SR_IndivRicker_SurvCap","BinLogistic",FALSE,TRUE,34182,37072.1201089501,2.02782782055549,1686.08503615297,0.0922280715018465
