"","iCombn","nCUs","retroYear","LRP","LRP_lwr","LRP_upr","BMmodel","LRPmodel","useGenMean","integratedModel","Agg_Escp","Gen_Mean","status","se","cv"
"1",1,5,2015,12837.0673098902,2313.17435420353,23360.9602655769,"ThreshAbund_Subpop1000_ST","BinLogistic",FALSE,FALSE,11332.273039931,22153.2758587787,1.72572717147871,5369.33314065646,0.418267896478171
"2",1,5,2016,12827.3839157102,2420.70504399324,23234.0627874271,"ThreshAbund_Subpop1000_ST","BinLogistic",FALSE,FALSE,58149.104784075,22444.7626572815,1.74975371476897,5309.53003659026,0.413921503517759
"3",1,5,2017,12120.6434409028,407.052364364512,23834.2345174411,"ThreshAbund_Subpop1000_ST","BinLogistic",FALSE,FALSE,23808.127100194,25033.8953133996,2.06539326360507,5976.32197782565,0.493069696090368
"4",1,5,2018,12389.1953096883,1449.29058824214,23329.1000311345,"ThreshAbund_Subpop1000_ST","BinLogistic",FALSE,FALSE,31735.278822225,35286.0892224694,2.8481340668571,5581.58404155417,0.450520304348531
