"","iCombn","nCUs","retroYear","LRP","LRP_lwr","LRP_upr","BMmodel","LRPmodel","useGenMean","integratedModel","Agg_Escp","Gen_Mean","status","se","cv"
"1",1,5,2015,16342.7822644288,9690.89143773606,22994.6730911216,"ThreshAbund_Subpop1000_ST","BinLogistic",FALSE,FALSE,11332.273039931,22153.2758587787,1.35553882443853,3393.82185035346,0.207664875872472
"2",1,5,2016,17330.6683732187,11159.5969683603,23501.7397780771,"ThreshAbund_Subpop1000_ST","BinLogistic",FALSE,FALSE,58149.104784075,22444.7626572815,1.29508927029991,3148.50581880531,0.181672498198092
"3",1,5,2017,17412.4520210822,10631.0105939959,24193.8934481685,"ThreshAbund_Subpop1000_ST","BinLogistic",FALSE,FALSE,23808.127100194,25033.8953133996,1.43770074904383,3459.91909545219,0.198703726003844
"4",1,5,2018,17513.8527407697,11071.242283052,23956.4631984874,"ThreshAbund_Subpop1000_ST","BinLogistic",FALSE,FALSE,31735.278822225,35286.0892224694,2.01475310685515,3287.04615189679,0.187682641880677
