"mod","phases","CU_name","logA","logB","logSigma","logSgen","B","A","SMSY","Sgen","SMSY_80"
"Aggregate_LRPs",2,"1 - Southern Coastal Streams",0.414717471012163,-1.86833946093051,0.0508465324479017,-0.0296115241408559,0.0000154379802784294,1.51394294749431,12651.8748780628,9708.22601447052,10121.4999024503
"Aggregate_LRPs",2,"2 - North East Vancouver Island",0.509692489224415,-2.25895049808179,-0.131970607413354,0.476321129191396,0.0000104460058277435,1.66477917868825,22655.6636253864,16101.3999590024,18124.5309003091
"Aggregate_LRPs",2,"3 - Upper Knight",0.921679228859414,-0.273127390292403,0.520599489361887,-1.36754815774846,0.0000760995837971526,2.51350760261737,5274.34070383133,2547.30754143112,4219.47256306506
"Aggregate_LRPs",2,"4 - Loughborough",0.882459683051312,-1.7464890234281,-0.175984250358504,0.108302271492077,0.0000174385132001207,2.41683705456737,22176.1098915364,11143.8454116003,17740.8879132291
"Aggregate_LRPs",2,"5 - Bute Inlet",0.973462040914301,-2.23848139082709,0.0755017785606489,0.591005897814908,0.0000106620296058609,2.64709295810296,39429.3630613245,18058.0395637429,31543.4904490596
"Aggregate_LRPs",2,"6 - Georgia Strait",1.26665874276279,-3.70029940960876,-0.462569394717602,1.95653847446739,0.00000247161251170252,3.54897469252056,210801.516407312,70747.9504685561,168641.21312585
"Aggregate_LRPs",2,"7 - Howe Sound-Burrard Inlet",1.0505390724371,-3.75915282127144,-0.151406617883933,2.09504159161426,0.00000233034742223315,2.85919201430578,192252.56627144,81257.7892744716,153802.053017152
